citycode,cityname,cityname_kn
0110000,札幌市,さっぽろし
0120200,函館市,はこだてし
0120300,小樽市,おたるし
0120400,旭川市,あさひかわし
0120500,室蘭市,むろらんし
0120601,釧路市釧路,くしろしくしろ
0120602,釧路市阿寒,くしろしあかん
0120603,釧路市音別,くしろしおんべつ
0120700,帯広市,おびひろし
0120801,北見市北見,きたみしきたみ
0120802,北見市常呂,きたみしところ
0120900,夕張市,ゆうばりし
0121000,岩見沢市,いわみざわし
0121100,網走市,あばしりし
0121200,留萌市,るもいし
0121300,苫小牧市,とまこまいし
0121400,稚内市,わっかないし
0121500,美唄市,びばいし
0121600,芦別市,あしべつし
0121700,江別市,えべつし
0121800,赤平市,あかびらし
0121900,紋別市,もんべつし
0122000,士別市,しべつし
0122100,名寄市,なよろし
0122200,三笠市,みかさし
0122300,根室市,ねむろし
0122400,千歳市,ちとせし
0122500,滝川市,たきかわし
0122600,砂川市,すながわし
0122700,歌志内市,うたしないし
0122800,深川市,ふかがわし
0122900,富良野市,ふらのし
0123000,登別市,のぼりべつし
0123100,恵庭市,えにわし
0123301,伊達市伊達,だてしだて
0123302,伊達市大滝,だてしおおたき
0123400,北広島市,きたひろしまし
0123500,石狩市,いしかりし
0123600,北斗市,ほくとし
0130300,当別町,とうべつちょう
0130400,新篠津村,しんしのつむら
0133100,松前町,まつまえちょう
0133200,福島町,ふくしまちょう
0133300,知内町,しりうちちょう
0133400,木古内町,きこないちょう
0133700,七飯町,ななえちょう
0134300,鹿部町,しかべちょう
0134500,森町,もりまち
0134601,八雲町八雲,やくもちょうやくも
0134602,八雲町熊石,やくもちょうくまいし
0134700,長万部町,おしゃまんべちょう
0136100,江差町,えさしちょう
0136200,上ノ国町,かみのくにちょう
0136300,厚沢部町,あっさぶちょう
0136400,乙部町,おとべちょう
0136700,奥尻町,おくしりちょう
0137000,今金町,いまかねちょう
0137100,せたな町,せたなちょう
0139100,島牧村,しままきむら
0139200,寿都町,すっつちょう
0139300,黒松内町,くろまつないちょう
0139400,蘭越町,らんこしちょう
0139500,ニセコ町,にせこちょう
0139600,真狩村,まっかりむら
0139700,留寿都村,るすつむら
0139800,喜茂別町,きもべつちょう
0139900,京極町,きょうごくちょう
0140000,倶知安町,くっちゃんちょう
0140100,共和町,きょうわちょう
0140200,岩内町,いわないちょう
0140300,泊村,とまりむら
0140400,神恵内村,かもえないむら
0140500,積丹町,しゃこたんちょう
0140600,古平町,ふるびらちょう
0140700,仁木町,にきちょう
0140800,余市町,よいちちょう
0140900,赤井川村,あかいがわむら
0142300,南幌町,なんぽろちょう
0142400,奈井江町,ないえちょう
0142500,上砂川町,かみすながわちょう
0142700,由仁町,ゆにちょう
0142800,長沼町,ながぬまちょう
0142900,栗山町,くりやまちょう
0143000,月形町,つきがたちょう
0143100,浦臼町,うらうすちょう
0143200,新十津川町,しんとつかわちょう
0143300,妹背牛町,もせうしちょう
0143400,秩父別町,ちっぷべつちょう
0143600,雨竜町,うりゅうちょう
0143700,北竜町,ほくりゅうちょう
0143800,沼田町,ぬまたちょう
0145200,鷹栖町,たかすちょう
0145300,東神楽町,ひがしかぐらちょう
0145400,当麻町,とうまちょう
0145500,比布町,ぴっぷちょう
0145600,愛別町,あいべつちょう
0145700,上川町,かみかわちょう
0145800,東川町,ひがしかわちょう
0145900,美瑛町,びえいちょう
0146000,上富良野町,かみふらのちょう
0146100,中富良野町,なかふらのちょう
0146200,南富良野町,みなみふらのちょう
0146300,占冠村,しむかっぷむら
0146400,和寒町,わっさむちょう
0146500,剣淵町,けんぶちちょう
0146800,下川町,しもかわちょう
0146900,美深町,びふかちょう
0147000,音威子府村,おといねっぷむら
0147100,中川町,なかがわちょう
0147200,幌加内町,ほろかないちょう
0148100,増毛町,ましけちょう
0148200,小平町,おびらちょう
0148300,苫前町,とままえちょう
0148401,羽幌町,はぼろちょう
0148402,天売焼尻,てうりやぎしり
0148500,初山別村,しょさんべつむら
0148600,遠別町,えんべつちょう
0148700,天塩町,てしおちょう
0151100,猿払村,さるふつむら
0151200,浜頓別町,はまとんべつちょう
0151300,中頓別町,なかとんべつちょう
0151400,枝幸町,えさしちょう
0151600,豊富町,とよとみちょう
0151700,礼文町,れぶんちょう
0151800,利尻町,りしりちょう
0151900,利尻富士町,りしりふじちょう
0152000,幌延町,ほろのべちょう
0154300,美幌町,びほろちょう
0154400,津別町,つべつちょう
0154500,斜里町,しゃりちょう
0154600,清里町,きよさとちょう
0154700,小清水町,こしみずちょう
0154900,訓子府町,くんねっぷちょう
0155000,置戸町,おけとちょう
0155200,佐呂間町,さろまちょう
0155500,遠軽町,えんがるちょう
0155900,湧別町,ゆうべつちょう
0156000,滝上町,たきのうえちょう
0156100,興部町,おこっぺちょう
0156200,西興部村,にしおこっぺむら
0156300,雄武町,おうむちょう
0156400,大空町,おおぞらちょう
0157100,豊浦町,とようらちょう
0157500,壮瞥町,そうべつちょう
0157800,白老町,しらおいちょう
0158100,厚真町,あつまちょう
0158400,洞爺湖町,とうやこちょう
0158500,安平町,あびらちょう
0158600,むかわ町,むかわちょう
0160101,日高町日高,ひだかちょうひだか
0160102,日高町門別,ひだかちょうもんべつ
0160200,平取町,びらとりちょう
0160400,新冠町,にいかっぷちょう
0160700,浦河町,うらかわちょう
0160800,様似町,さまにちょう
0160900,えりも町,えりもちょう
0161000,新ひだか町,しんひだかちょう
0163100,音更町,おとふけちょう
0163200,士幌町,しほろちょう
0163300,上士幌町,かみしほろちょう
0163400,鹿追町,しかおいちょう
0163500,新得町,しんとくちょう
0163600,清水町,しみずちょう
0163700,芽室町,めむろちょう
0163800,中札内村,なかさつないむら
0163900,更別村,さらべつむら
0164100,大樹町,たいきちょう
0164200,広尾町,ひろおちょう
0164300,幕別町,まくべつちょう
0164400,池田町,いけだちょう
0164500,豊頃町,とよころちょう
0164600,本別町,ほんべつちょう
0164700,足寄町,あしょろちょう
0164800,陸別町,りくべつちょう
0164900,浦幌町,うらほろちょう
0166100,釧路町,くしろちょう
0166200,厚岸町,あっけしちょう
0166300,浜中町,はまなかちょう
0166400,標茶町,しべちゃちょう
0166500,弟子屈町,てしかがちょう
0166700,鶴居村,つるいむら
0166800,白糠町,しらぬかちょう
0169100,別海町,べつかいちょう
0169200,中標津町,なかしべつちょう
0169300,標津町,しべつちょう
0169400,羅臼町,らうすちょう
0220100,青森市,あおもりし
0220200,弘前市,ひろさきし
0220300,八戸市,はちのへし
0220400,黒石市,くろいしし
0220500,五所川原市,ごしょがわらし
0220600,十和田市,とわだし
0220700,三沢市,みさわし
0220800,むつ市,むつし
0220900,つがる市,つがるし
0221000,平川市,ひらかわし
0230100,平内町,ひらないまち
0230300,今別町,いまべつまち
0230400,蓬田村,よもぎたむら
0230700,外ヶ浜町,そとがはままち
0232100,鰺ヶ沢町,あじがさわまち
0232300,深浦町,ふかうらまち
0234300,西目屋村,にしめやむら
0236100,藤崎町,ふじさきまち
0236200,大鰐町,おおわにまち
0236700,田舎館村,いなかだてむら
0238100,板柳町,いたやなぎまち
0238400,鶴田町,つるたまち
0238700,中泊町,なかどまりまち
0240100,野辺地町,のへじまち
0240200,七戸町,しちのへまち
0240500,六戸町,ろくのへまち
0240600,横浜町,よこはままち
0240800,東北町,とうほくまち
0241100,六ヶ所村,ろっかしょむら
0241200,おいらせ町,おいらせちょう
0242300,大間町,おおままち
0242400,東通村,ひがしどおりむら
0242500,風間浦村,かざまうらむら
0242600,佐井村,さいむら
0244100,三戸町,さんのへまち
0244200,五戸町,ごのへまち
0244300,田子町,たっこまち
0244500,南部町,なんぶちょう
0244600,階上町,はしかみちょう
0245000,新郷村,しんごうむら
0320100,盛岡市,もりおかし
0320200,宮古市,みやこし
0320300,大船渡市,おおふなとし
0320500,花巻市,はなまきし
0320600,北上市,きたかみし
0320700,久慈市,くじし
0320800,遠野市,とおのし
0320900,一関市,いちのせきし
0321000,陸前高田市,りくぜんたかたし
0321100,釜石市,かまいしし
0321300,二戸市,にのへし
0321400,八幡平市,はちまんたいし
0321500,奥州市,おうしゅうし
0321600,滝沢市,たきざわし
0330100,雫石町,しずくいしちょう
0330200,葛巻町,くずまきまち
0330300,岩手町,いわてまち
0332100,紫波町,しわちょう
0332200,矢巾町,やはばちょう
0336600,西和賀町,にしわがまち
0338100,金ケ崎町,かねがさきちょう
0340200,平泉町,ひらいずみちょう
0344100,住田町,すみたちょう
0346100,大槌町,おおつちちょう
0348200,山田町,やまだまち
0348300,岩泉町,いわいずみちょう
0348400,田野畑村,たのはたむら
0348500,普代村,ふだいむら
0350100,軽米町,かるまいまち
0350300,野田村,のだむら
0350600,九戸村,くのへむら
0350700,洋野町,ひろのちょう
0352400,一戸町,いちのへまち
0410001,仙台市東部,せんだいしとうぶ
0410002,仙台市西部,せんだいしせいぶ
0420200,石巻市,いしのまきし
0420300,塩竈市,しおがまし
0420500,気仙沼市,けせんぬまし
0420600,白石市,しろいしし
0420700,名取市,なとりし
0420800,角田市,かくだし
0420900,多賀城市,たがじょうし
0421100,岩沼市,いわぬまし
0421200,登米市,とめし
0421301,栗原市東部,くりはらしとうぶ
0421302,栗原市西部,くりはらしせいぶ
0421400,東松島市,ひがしまつしまし
0421501,大崎市東部,おおさきしとうぶ
0421502,大崎市西部,おおさきしせいぶ
0421600,富谷市,とみやし
0430100,蔵王町,ざおうまち
0430200,七ヶ宿町,しちかしゅくまち
0432100,大河原町,おおがわらまち
0432200,村田町,むらたまち
0432300,柴田町,しばたまち
0432400,川崎町,かわさきまち
0434100,丸森町,まるもりまち
0436100,亘理町,わたりちょう
0436200,山元町,やまもとちょう
0440100,松島町,まつしままち
0440400,七ヶ浜町,しちがはままち
0440600,利府町,りふちょう
0442101,大和町東部,たいわちょうとうぶ
0442102,大和町西部,たいわちょうせいぶ
0442200,大郷町,おおさとちょう
0442400,大衡村,おおひらむら
0444400,色麻町,しかまちょう
0444500,加美町,かみまち
0450100,涌谷町,わくやちょう
0450500,美里町,みさとまち
0458100,女川町,おながわちょう
0460600,南三陸町,みなみさんりくちょう
0520100,秋田市,あきたし
0520200,能代市,のしろし
0520300,横手市,よこてし
0520400,大館市,おおだてし
0520600,男鹿市,おがし
0520700,湯沢市,ゆざわし
0520900,鹿角市,かづのし
0521000,由利本荘市,ゆりほんじょうし
0521100,潟上市,かたがみし
0521200,大仙市,だいせんし
0521300,北秋田市,きたあきたし
0521400,にかほ市,にかほし
0521500,仙北市,せんぼくし
0530300,小坂町,こさかまち
0532700,上小阿仁村,かみこあにむら
0534600,藤里町,ふじさとまち
0534800,三種町,みたねちょう
0534900,八峰町,はっぽうちょう
0536100,五城目町,ごじょうめまち
0536300,八郎潟町,はちろうがたまち
0536600,井川町,いかわまち
0536800,大潟村,おおがたむら
0543400,美郷町,みさとちょう
0546300,羽後町,うごまち
0546400,東成瀬村,ひがしなるせむら
0620100,山形市,やまがたし
0620200,米沢市,よねざわし
0620300,鶴岡市,つるおかし
0620400,酒田市,さかたし
0620500,新庄市,しんじょうし
0620600,寒河江市,さがえし
0620700,上山市,かみのやまし
0620800,村山市,むらやまし
0620900,長井市,ながいし
0621000,天童市,てんどうし
0621100,東根市,ひがしねし
0621200,尾花沢市,おばなざわし
0621300,南陽市,なんようし
0630100,山辺町,やまのべまち
0630200,中山町,なかやままち
0632100,河北町,かほくちょう
0632200,西川町,にしかわまち
0632300,朝日町,あさひまち
0632400,大江町,おおえまち
0634100,大石田町,おおいしだまち
0636100,金山町,かねやままち
0636200,最上町,もがみまち
0636300,舟形町,ふながたまち
0636400,真室川町,まむろがわまち
0636500,大蔵村,おおくらむら
0636600,鮭川村,さけがわむら
0636700,戸沢村,とざわむら
0638100,高畠町,たかはたまち
0638200,川西町,かわにしまち
0640100,小国町,おぐにまち
0640200,白鷹町,しらたかまち
0640300,飯豊町,いいでまち
0642600,三川町,みかわまち
0642800,庄内町,しょうないまち
0646100,遊佐町,ゆざまち
0720100,福島市,ふくしまし
0720200,会津若松市,あいづわかまつし
0720301,郡山市,こおりやまし
0720302,郡山市湖南,こおりやましこなん
0720400,いわき市,いわきし
0720500,白河市,しらかわし
0720700,須賀川市,すかがわし
0720800,喜多方市,きたかたし
0720900,相馬市,そうまし
0721000,二本松市,にほんまつし
0721100,田村市,たむらし
0721200,南相馬市,みなみそうまし
0721300,伊達市,だてし
0721400,本宮市,もとみやし
0730100,桑折町,こおりまち
0730300,国見町,くにみまち
0730800,川俣町,かわまたまち
0732200,大玉村,おおたまむら
0734200,鏡石町,かがみいしまち
0734401,天栄村,てんえいむら
0734402,天栄村湯本,てんえいむらゆもと
0736200,下郷町,しもごうまち
0736400,檜枝岐村,ひのえまたむら
0736700,只見町,ただみまち
0736800,南会津町,みなみあいづまち
0740200,北塩原村,きたしおばらむら
0740500,西会津町,にしあいづまち
0740700,磐梯町,ばんだいまち
0740800,猪苗代町,いなわしろまち
0742100,会津坂下町,あいづばんげまち
0742200,湯川村,ゆがわむら
0742300,柳津町,やないづまち
0744400,三島町,みしままち
0744500,金山町,かねやままち
0744600,昭和村,しょうわむら
0744700,会津美里町,あいづみさとまち
0746100,西郷村,にしごうむら
0746400,泉崎村,いずみざきむら
0746500,中島村,なかじまむら
0746600,矢吹町,やぶきまち
0748100,棚倉町,たなぐらまち
0748200,矢祭町,やまつりまち
0748300,塙町,はなわまち
0748400,鮫川村,さめがわむら
0750100,石川町,いしかわまち
0750200,玉川村,たまかわむら
0750300,平田村,ひらたむら
0750400,浅川町,あさかわまち
0750500,古殿町,ふるどのまち
0752100,三春町,みはるまち
0752200,小野町,おのまち
0754100,広野町,ひろのまち
0754200,楢葉町,ならはまち
0754300,富岡町,とみおかまち
0754400,川内村,かわうちむら
0754500,大熊町,おおくままち
0754600,双葉町,ふたばまち
0754700,浪江町,なみえまち
0754800,葛尾村,かつらおむら
0756100,新地町,しんちまち
0756400,飯舘村,いいたてむら
0820100,水戸市,みとし
0820200,日立市,ひたちし
0820300,土浦市,つちうらし
0820400,古河市,こがし
0820500,石岡市,いしおかし
0820700,結城市,ゆうきし
0820800,龍ケ崎市,りゅうがさきし
0821000,下妻市,しもつまし
0821100,常総市,じょうそうし
0821200,常陸太田市,ひたちおおたし
0821400,高萩市,たかはぎし
0821500,北茨城市,きたいばらきし
0821600,笠間市,かさまし
0821700,取手市,とりでし
0821900,牛久市,うしくし
0822000,つくば市,つくばし
0822100,ひたちなか市,ひたちなかし
0822200,鹿嶋市,かしまし
0822300,潮来市,いたこし
0822400,守谷市,もりやし
0822500,常陸大宮市,ひたちおおみやし
0822600,那珂市,なかし
0822700,筑西市,ちくせいし
0822800,坂東市,ばんどうし
0822900,稲敷市,いなしきし
0823000,かすみがうら市,かすみがうらし
0823100,桜川市,さくらがわし
0823200,神栖市,かみすし
0823300,行方市,なめがたし
0823400,鉾田市,ほこたし
0823500,つくばみらい市,つくばみらいし
0823600,小美玉市,おみたまし
0830200,茨城町,いばらきまち
0830900,大洗町,おおあらいまち
0831000,城里町,しろさとまち
0834100,東海村,とうかいむら
0836400,大子町,だいごまち
0844200,美浦村,みほむら
0844300,阿見町,あみまち
0844700,河内町,かわちまち
0852100,八千代町,やちよまち
0854200,五霞町,ごかまち
0854600,境町,さかいまち
0856400,利根町,とねまち
0920100,宇都宮市,うつのみやし
0920200,足利市,あしかがし
0920300,栃木市,とちぎし
0920400,佐野市,さのし
0920500,鹿沼市,かぬまし
0920601,日光市今市,にっこうしいまいち
0920602,日光市日光,にっこうしにっこう
0920603,日光市藤原,にっこうしふじはら
0920604,日光市足尾,にっこうしあしお
0920605,日光市栗山,にっこうしくりやま
0920800,小山市,おやまし
0920900,真岡市,もおかし
0921000,大田原市,おおたわらし
0921100,矢板市,やいたし
0921300,那須塩原市,なすしおばらし
0921400,さくら市,さくらし
0921500,那須烏山市,なすからすやまし
0921600,下野市,しもつけし
0930100,上三川町,かみのかわまち
0934200,益子町,ましこまち
0934300,茂木町,もてぎまち
0934400,市貝町,いちかいまち
0934500,芳賀町,はがまち
0936100,壬生町,みぶまち
0936400,野木町,のぎまち
0938400,塩谷町,しおやまち
0938600,高根沢町,たかねざわまち
0940700,那須町,なすまち
0941100,那珂川町,なかがわまち
1020100,前橋市,まえばしし
1020200,高崎市,たかさきし
1020300,桐生市,きりゅうし
1020400,伊勢崎市,いせさきし
1020500,太田市,おおたし
1020600,沼田市,ぬまたし
1020700,館林市,たてばやしし
1020800,渋川市,しぶかわし
1020900,藤岡市,ふじおかし
1021000,富岡市,とみおかし
1021100,安中市,あんなかし
1021200,みどり市,みどりし
1034400,榛東村,しんとうむら
1034500,吉岡町,よしおかまち
1036600,上野村,うえのむら
1036700,神流町,かんなまち
1038200,下仁田町,しもにたまち
1038300,南牧村,なんもくむら
1038400,甘楽町,かんらまち
1042100,中之条町,なかのじょうまち
1042400,長野原町,ながのはらまち
1042500,嬬恋村,つまごいむら
1042600,草津町,くさつまち
1042800,高山村,たかやまむら
1042900,東吾妻町,ひがしあがつままち
1044300,片品村,かたしなむら
1044400,川場村,かわばむら
1044800,昭和村,しょうわむら
1044900,みなかみ町,みなかみまち
1046400,玉村町,たまむらまち
1052100,板倉町,いたくらまち
1052200,明和町,めいわまち
1052300,千代田町,ちよだまち
1052400,大泉町,おおいずみまち
1052500,邑楽町,おうらまち
1110000,さいたま市,さいたまし
1120100,川越市,かわごえし
1120200,熊谷市,くまがやし
1120300,川口市,かわぐちし
1120600,行田市,ぎょうだし
1120700,秩父市,ちちぶし
1120800,所沢市,ところざわし
1120900,飯能市,はんのうし
1121000,加須市,かぞし
1121100,本庄市,ほんじょうし
1121200,東松山市,ひがしまつやまし
1121400,春日部市,かすかべし
1121500,狭山市,さやまし
1121600,羽生市,はにゅうし
1121700,鴻巣市,こうのすし
1121800,深谷市,ふかやし
1121900,上尾市,あげおし
1122100,草加市,そうかし
1122200,越谷市,こしがやし
1122300,蕨市,わらびし
1122400,戸田市,とだし
1122500,入間市,いるまし
1122700,朝霞市,あさかし
1122800,志木市,しきし
1122900,和光市,わこうし
1123000,新座市,にいざし
1123100,桶川市,おけがわし
1123200,久喜市,くきし
1123300,北本市,きたもとし
1123400,八潮市,やしおし
1123500,富士見市,ふじみし
1123700,三郷市,みさとし
1123800,蓮田市,はすだし
1123900,坂戸市,さかどし
1124000,幸手市,さってし
1124100,鶴ヶ島市,つるがしまし
1124200,日高市,ひだかし
1124300,吉川市,よしかわし
1124500,ふじみ野市,ふじみのし
1124600,白岡市,しらおかし
1130100,伊奈町,いなまち
1132400,三芳町,みよしまち
1132600,毛呂山町,もろやままち
1132700,越生町,おごせまち
1134100,滑川町,なめがわまち
1134200,嵐山町,らんざんまち
1134300,小川町,おがわまち
1134600,川島町,かわじままち
1134700,吉見町,よしみまち
1134800,鳩山町,はとやままち
1134900,ときがわ町,ときがわまち
1136100,横瀬町,よこぜまち
1136200,皆野町,みなのまち
1136300,長瀞町,ながとろまち
1136500,小鹿野町,おがのまち
1136900,東秩父村,ひがしちちぶむら
1138100,美里町,みさとまち
1138300,神川町,かみかわまち
1138500,上里町,かみさとまち
1140800,寄居町,よりいまち
1144200,宮代町,みやしろまち
1146400,杉戸町,すぎとまち
1146500,松伏町,まつぶしまち
1210000,千葉市,ちばし
1220200,銚子市,ちょうしし
1220300,市川市,いちかわし
1220400,船橋市,ふなばしし
1220500,館山市,たてやまし
1220600,木更津市,きさらづし
1220700,松戸市,まつどし
1220800,野田市,のだし
1221000,茂原市,もばらし
1221100,成田市,なりたし
1221200,佐倉市,さくらし
1221300,東金市,とうがねし
1221500,旭市,あさひし
1221600,習志野市,ならしのし
1221700,柏市,かしわし
1221800,勝浦市,かつうらし
1221900,市原市,いちはらし
1222000,流山市,ながれやまし
1222100,八千代市,やちよし
1222200,我孫子市,あびこし
1222300,鴨川市,かもがわし
1222400,鎌ケ谷市,かまがやし
1222500,君津市,きみつし
1222600,富津市,ふっつし
1222700,浦安市,うらやすし
1222800,四街道市,よつかいどうし
1222900,袖ケ浦市,そでがうらし
1223000,八街市,やちまたし
1223100,印西市,いんざいし
1223200,白井市,しろいし
1223300,富里市,とみさとし
1223400,南房総市,みなみぼうそうし
1223500,匝瑳市,そうさし
1223600,香取市,かとりし
1223700,山武市,さんむし
1223800,いすみ市,いすみし
1223900,大網白里市,おおあみしらさとし
1232200,酒々井町,しすいまち
1232900,栄町,さかえまち
1234200,神崎町,こうざきまち
1234700,多古町,たこまち
1234900,東庄町,とうのしょうまち
1240300,九十九里町,くじゅうくりまち
1240900,芝山町,しばやままち
1241000,横芝光町,よこしばひかりまち
1242100,一宮町,いちのみやまち
1242200,睦沢町,むつざわまち
1242300,長生村,ちょうせいむら
1242400,白子町,しらこまち
1242600,長柄町,ながらまち
1242700,長南町,ちょうなんまち
1244100,大多喜町,おおたきまち
1244300,御宿町,おんじゅくまち
1246300,鋸南町,きょなんまち
1310100,千代田区,ちよだく
1310200,中央区,ちゅうおうく
1310300,港区,みなとく
1310400,新宿区,しんじゅくく
1310500,文京区,ぶんきょうく
1310600,台東区,たいとうく
1310700,墨田区,すみだく
1310800,江東区,こうとうく
1310900,品川区,しながわく
1311000,目黒区,めぐろく
1311100,大田区,おおたく
1311200,世田谷区,せたがやく
1311300,渋谷区,しぶやく
1311400,中野区,なかのく
1311500,杉並区,すぎなみく
1311600,豊島区,としまく
1311700,北区,きたく
1311800,荒川区,あらかわく
1311900,板橋区,いたばしく
1312000,練馬区,ねりまく
1312100,足立区,あだちく
1312200,葛飾区,かつしかく
1312300,江戸川区,えどがわく
1320100,八王子市,はちおうじし
1320200,立川市,たちかわし
1320300,武蔵野市,むさしのし
1320400,三鷹市,みたかし
1320500,青梅市,おうめし
1320600,府中市,ふちゅうし
1320700,昭島市,あきしまし
1320800,調布市,ちょうふし
1320900,町田市,まちだし
1321000,小金井市,こがねいし
1321100,小平市,こだいらし
1321200,日野市,ひのし
1321300,東村山市,ひがしむらやまし
1321400,国分寺市,こくぶんじし
1321500,国立市,くにたちし
1321800,福生市,ふっさし
1321900,狛江市,こまえし
1322000,東大和市,ひがしやまとし
1322100,清瀬市,きよせし
1322200,東久留米市,ひがしくるめし
1322300,武蔵村山市,むさしむらやまし
1322400,多摩市,たまし
1322500,稲城市,いなぎし
1322700,羽村市,はむらし
1322800,あきる野市,あきるのし
1322900,西東京市,にしとうきょうし
1330300,瑞穂町,みずほまち
1330500,日の出町,ひのでまち
1330700,檜原村,ひのはらむら
1330800,奥多摩町,おくたままち
1336100,大島町,おおしままち
1336200,利島村,としまむら
1336300,新島村,にいじまむら
1336400,神津島村,こうづしまむら
1338100,三宅村,みやけむら
1338200,御蔵島村,みくらじまむら
1340100,八丈町,はちじょうまち
1340200,青ヶ島村,あおがしまむら
1342100,小笠原村,おがさわらむら
1410000,横浜市,よこはまし
1413000,川崎市,かわさきし
1415000,相模原市,さがみはらし
1420100,横須賀市,よこすかし
1420300,平塚市,ひらつかし
1420400,鎌倉市,かまくらし
1420500,藤沢市,ふじさわし
1420600,小田原市,おだわらし
1420700,茅ヶ崎市,ちがさきし
1420800,逗子市,ずしし
1421000,三浦市,みうらし
1421100,秦野市,はだのし
1421200,厚木市,あつぎし
1421300,大和市,やまとし
1421400,伊勢原市,いせはらし
1421500,海老名市,えびなし
1421600,座間市,ざまし
1421700,南足柄市,みなみあしがらし
1421800,綾瀬市,あやせし
1430100,葉山町,はやままち
1432100,寒川町,さむかわまち
1434100,大磯町,おおいそまち
1434200,二宮町,にのみやまち
1436100,中井町,なかいまち
1436200,大井町,おおいまち
1436300,松田町,まつだまち
1436400,山北町,やまきたまち
1436600,開成町,かいせいまち
1438200,箱根町,はこねまち
1438300,真鶴町,まなづるまち
1438400,湯河原町,ゆがわらまち
1440100,愛川町,あいかわまち
1440200,清川村,きよかわむら
1510000,新潟市,にいがたし
1520200,長岡市,ながおかし
1520400,三条市,さんじょうし
1520500,柏崎市,かしわざきし
1520600,新発田市,しばたし
1520800,小千谷市,おぢやし
1520900,加茂市,かもし
1521000,十日町市,とおかまちし
1521100,見附市,みつけし
1521200,村上市,むらかみし
1521300,燕市,つばめし
1521600,糸魚川市,いといがわし
1521700,妙高市,みょうこうし
1521800,五泉市,ごせんし
1522200,上越市,じょうえつし
1522300,阿賀野市,あがのし
1522400,佐渡市,さどし
1522500,魚沼市,うおぬまし
1522600,南魚沼市,みなみうおぬまし
1522700,胎内市,たいないし
1530700,聖籠町,せいろうまち
1534200,弥彦村,やひこむら
1536100,田上町,たがみまち
1538500,阿賀町,あがまち
1540500,出雲崎町,いずもざきまち
1546100,湯沢町,ゆざわまち
1548200,津南町,つなんまち
1550400,刈羽村,かりわむら
1558100,関川村,せきかわむら
1558600,粟島浦村,あわしまうらむら
1620100,富山市,とやまし
1620200,高岡市,たかおかし
1620400,魚津市,うおづし
1620500,氷見市,ひみし
1620600,滑川市,なめりかわし
1620700,黒部市,くろべし
1620800,砺波市,となみし
1620900,小矢部市,おやべし
1621000,南砺市,なんとし
1621100,射水市,いみずし
1632100,舟橋村,ふなはしむら
1632200,上市町,かみいちまち
1632300,立山町,たてやままち
1634200,入善町,にゅうぜんまち
1634300,朝日町,あさひまち
1720100,金沢市,かなざわし
1720200,七尾市,ななおし
1720300,小松市,こまつし
1720400,輪島市,わじまし
1720500,珠洲市,すずし
1720600,加賀市,かがし
1720700,羽咋市,はくいし
1720900,かほく市,かほくし
1721000,白山市,はくさんし
1721100,能美市,のみし
1721200,野々市市,ののいちし
1732400,川北町,かわきたまち
1736100,津幡町,つばたまち
1736500,内灘町,うちなだまち
1738400,志賀町,しかまち
1738600,宝達志水町,ほうだつしみずちょう
1740700,中能登町,なかのとまち
1746100,穴水町,あなみずまち
1746300,能登町,のとちょう
1820100,福井市,ふくいし
1820200,敦賀市,つるがし
1820400,小浜市,おばまし
1820500,大野市,おおのし
1820600,勝山市,かつやまし
1820700,鯖江市,さばえし
1820800,あわら市,あわらし
1820900,越前市,えちぜんし
1821000,坂井市,さかいし
1832200,永平寺町,えいへいじちょう
1838200,池田町,いけだちょう
1840400,南越前町,みなみえちぜんちょう
1842300,越前町,えちぜんちょう
1844200,美浜町,みはまちょう
1848100,高浜町,たかはまちょう
1848300,おおい町,おおいちょう
1850100,若狭町,わかさちょう
1920100,甲府市,こうふし
1920200,富士吉田市,ふじよしだし
1920400,都留市,つるし
1920500,山梨市,やまなしし
1920600,大月市,おおつきし
1920700,韮崎市,にらさきし
1920800,南アルプス市,みなみあるぷすし
1920900,北杜市,ほくとし
1921000,甲斐市,かいし
1921100,笛吹市,ふえふきし
1921200,上野原市,うえのはらし
1921300,甲州市,こうしゅうし
1921400,中央市,ちゅうおうし
1934600,市川三郷町,いちかわみさとちょう
1936400,早川町,はやかわちょう
1936500,身延町,みのぶちょう
1936600,南部町,なんぶちょう
1936800,富士川町,ふじかわちょう
1938400,昭和町,しょうわちょう
1942200,道志村,どうしむら
1942300,西桂町,にしかつらちょう
1942400,忍野村,おしのむら
1942500,山中湖村,やまなかこむら
1942900,鳴沢村,なるさわむら
1943000,富士河口湖町,ふじかわぐちこまち
1944200,小菅村,こすげむら
1944300,丹波山村,たばやまむら
2020100,長野市,ながのし
2020201,松本,まつもと
2020202,乗鞍上高地,のりくらかみこうち
2020300,上田市,うえだし
2020400,岡谷市,おかやし
2020500,飯田市,いいだし
2020600,諏訪市,すわし
2020700,須坂市,すざかし
2020800,小諸市,こもろし
2020900,伊那市,いなし
2021000,駒ヶ根市,こまがねし
2021100,中野市,なかのし
2021200,大町市,おおまちし
2021300,飯山市,いいやまし
2021400,茅野市,ちのし
2021501,塩尻,しおじり
2021502,楢川,ならかわ
2021700,佐久市,さくし
2021800,千曲市,ちくまし
2021900,東御市,とうみし
2022000,安曇野市,あづみのし
2030300,小海町,こうみまち
2030400,川上村,かわかみむら
2030500,南牧村,みなみまきむら
2030600,南相木村,みなみあいきむら
2030700,北相木村,きたあいきむら
2030900,佐久穂町,さくほまち
2032100,軽井沢町,かるいざわまち
2032300,御代田町,みよたまち
2032400,立科町,たてしなまち
2034900,青木村,あおきむら
2035000,長和町,ながわまち
2036100,下諏訪町,しもすわまち
2036200,富士見町,ふじみまち
2036300,原村,はらむら
2038200,辰野町,たつのまち
2038300,箕輪町,みのわまち
2038400,飯島町,いいじままち
2038500,南箕輪村,みなみみのわむら
2038600,中川村,なかがわむら
2038800,宮田村,みやだむら
2040200,松川町,まつかわまち
2040300,高森町,たかもりまち
2040400,阿南町,あなんちょう
2040700,阿智村,あちむら
2040900,平谷村,ひらやむら
2041000,根羽村,ねばむら
2041100,下條村,しもじょうむら
2041200,売木村,うるぎむら
2041300,天龍村,てんりゅうむら
2041400,泰阜村,やすおかむら
2041500,喬木村,たかぎむら
2041600,豊丘村,とよおかむら
2041700,大鹿村,おおしかむら
2042200,上松町,あげまつまち
2042300,南木曽町,なぎそまち
2042500,木祖村,きそむら
2042900,王滝村,おうたきむら
2043000,大桑村,おおくわむら
2043200,木曽町,きそまち
2044600,麻績村,おみむら
2044800,生坂村,いくさかむら
2045000,山形村,やまがたむら
2045100,朝日村,あさひむら
2045200,筑北村,ちくほくむら
2048100,池田町,いけだまち
2048200,松川村,まつかわむら
2048500,白馬村,はくばむら
2048600,小谷村,おたりむら
2052100,坂城町,さかきまち
2054100,小布施町,おぶせまち
2054300,高山村,たかやまむら
2056100,山ノ内町,やまのうちまち
2056200,木島平村,きじまだいらむら
2056300,野沢温泉村,のざわおんせんむら
2058300,信濃町,しなのまち
2058800,小川村,おがわむら
2059000,飯綱町,いいづなまち
2060200,栄村,さかえむら
2120100,岐阜市,ぎふし
2120200,大垣市,おおがきし
2120300,高山市,たかやまし
2120400,多治見市,たじみし
2120500,関市,せきし
2120600,中津川市,なかつがわし
2120700,美濃市,みのし
2120800,瑞浪市,みずなみし
2120900,羽島市,はしまし
2121000,恵那市,えなし
2121100,美濃加茂市,みのかもし
2121200,土岐市,ときし
2121300,各務原市,かかみがはらし
2121400,可児市,かにし
2121500,山県市,やまがたし
2121600,瑞穂市,みずほし
2121700,飛騨市,ひだし
2121800,本巣市,もとすし
2121900,郡上市,ぐじょうし
2122000,下呂市,げろし
2122100,海津市,かいづし
2130200,岐南町,ぎなんちょう
2130300,笠松町,かさまつちょう
2134100,養老町,ようろうちょう
2136100,垂井町,たるいちょう
2136200,関ケ原町,せきがはらちょう
2138100,神戸町,ごうどちょう
2138200,輪之内町,わのうちちょう
2138300,安八町,あんぱちちょう
2140100,揖斐川町,いびがわちょう
2140300,大野町,おおのちょう
2140400,池田町,いけだちょう
2142100,北方町,きたがたちょう
2150100,坂祝町,さかほぎちょう
2150200,富加町,とみかちょう
2150300,川辺町,かわべちょう
2150400,七宗町,ひちそうちょう
2150500,八百津町,やおつちょう
2150600,白川町,しらかわちょう
2150700,東白川村,ひがししらかわむら
2152100,御嵩町,みたけちょう
2160400,白川村,しらかわむら
2210001,静岡市南部,しずおかしなんぶ
2210002,静岡市北部,しずおかしほくぶ
2213001,浜松市南部,はままつしなんぶ
2213002,浜松市北部,はままつしほくぶ
2220300,沼津市,ぬまづし
2220500,熱海市,あたみし
2220600,三島市,みしまし
2220700,富士宮市,ふじのみやし
2220800,伊東市,いとうし
2220900,島田市,しまだし
2221000,富士市,ふじし
2221100,磐田市,いわたし
2221200,焼津市,やいづし
2221300,掛川市,かけがわし
2221400,藤枝市,ふじえだし
2221500,御殿場市,ごてんばし
2221600,袋井市,ふくろいし
2221900,下田市,しもだし
2222000,裾野市,すそのし
2222100,湖西市,こさいし
2222200,伊豆市,いずし
2222300,御前崎市,おまえざきし
2222400,菊川市,きくがわし
2222500,伊豆の国市,いずのくにし
2222600,牧之原市,まきのはらし
2230100,東伊豆町,ひがしいずちょう
2230200,河津町,かわづちょう
2230400,南伊豆町,みなみいずちょう
2230500,松崎町,まつざきちょう
2230600,西伊豆町,にしいずちょう
2232500,函南町,かんなみちょう
2234100,清水町,しみずちょう
2234200,長泉町,ながいずみちょう
2234400,小山町,おやまちょう
2242400,吉田町,よしだちょう
2242900,川根本町,かわねほんちょう
2246100,森町,もりまち
2310000,名古屋市,なごやし
2320100,豊橋市,とよはしし
2320200,岡崎市,おかざきし
2320300,一宮市,いちのみやし
2320400,瀬戸市,せとし
2320500,半田市,はんだし
2320600,春日井市,かすがいし
2320700,豊川市,とよかわし
2320800,津島市,つしまし
2320900,碧南市,へきなんし
2321000,刈谷市,かりやし
2321101,豊田市西部,とよたしせいぶ
2321102,豊田市東部,とよたしとうぶ
2321200,安城市,あんじょうし
2321300,西尾市,にしおし
2321400,蒲郡市,がまごおりし
2321500,犬山市,いぬやまし
2321600,常滑市,とこなめし
2321700,江南市,こうなんし
2321900,小牧市,こまきし
2322000,稲沢市,いなざわし
2322100,新城市,しんしろし
2322200,東海市,とうかいし
2322300,大府市,おおぶし
2322400,知多市,ちたし
2322500,知立市,ちりゅうし
2322600,尾張旭市,おわりあさひし
2322700,高浜市,たかはまし
2322800,岩倉市,いわくらし
2322900,豊明市,とよあけし
2323000,日進市,にっしんし
2323100,田原市,たはらし
2323200,愛西市,あいさいし
2323300,清須市,きよすし
2323400,北名古屋市,きたなごやし
2323500,弥富市,やとみし
2323600,みよし市,みよしし
2323700,あま市,あまし
2323800,長久手市,ながくてし
2330200,東郷町,とうごうちょう
2334200,豊山町,とよやまちょう
2336100,大口町,おおぐちちょう
2336200,扶桑町,ふそうちょう
2342400,大治町,おおはるちょう
2342500,蟹江町,かにえちょう
2342700,飛島村,とびしまむら
2344100,阿久比町,あぐいちょう
2344200,東浦町,ひがしうらちょう
2344500,南知多町,みなみちたちょう
2344600,美浜町,みはまちょう
2344700,武豊町,たけとよちょう
2350100,幸田町,こうたちょう
2356100,設楽町,したらちょう
2356200,東栄町,とうえいちょう
2356300,豊根村,とよねむら
2420100,津市,つし
2420200,四日市市,よっかいちし
2420300,伊勢市,いせし
2420400,松阪市,まつさかし
2420500,桑名市,くわなし
2420700,鈴鹿市,すずかし
2420800,名張市,なばりし
2420900,尾鷲市,おわせし
2421000,亀山市,かめやまし
2421100,鳥羽市,とばし
2421200,熊野市,くまのし
2421400,いなべ市,いなべし
2421500,志摩市,しまし
2421600,伊賀市,いがし
2430300,木曽岬町,きそさきちょう
2432400,東員町,とういんちょう
2434100,菰野町,こものちょう
2434300,朝日町,あさひちょう
2434400,川越町,かわごえちょう
2444100,多気町,たきちょう
2444200,明和町,めいわちょう
2444300,大台町,おおだいちょう
2446100,玉城町,たまきちょう
2447000,度会町,わたらいちょう
2447100,大紀町,たいきちょう
2447200,南伊勢町,みなみいせちょう
2454300,紀北町,きほくちょう
2456100,御浜町,みはまちょう
2456200,紀宝町,きほうちょう
2520101,大津市南部,おおつしなんぶ
2520102,大津市北部,おおつしほくぶ
2520200,彦根市,ひこねし
2520300,長浜市,ながはまし
2520400,近江八幡市,おうみはちまんし
2520600,草津市,くさつし
2520700,守山市,もりやまし
2520800,栗東市,りっとうし
2520900,甲賀市,こうかし
2521000,野洲市,やすし
2521100,湖南市,こなんし
2521200,高島市,たかしまし
2521300,東近江市,ひがしおうみし
2521400,米原市,まいばらし
2538300,日野町,ひのちょう
2538400,竜王町,りゅうおうちょう
2542500,愛荘町,あいしょうちょう
2544100,豊郷町,とよさとちょう
2544200,甲良町,こうらちょう
2544300,多賀町,たがちょう
2610000,京都市,きょうとし
2620100,福知山市,ふくちやまし
2620200,舞鶴市,まいづるし
2620300,綾部市,あやべし
2620400,宇治市,うじし
2620500,宮津市,みやづし
2620600,亀岡市,かめおかし
2620700,城陽市,じょうようし
2620800,向日市,むこうし
2620900,長岡京市,ながおかきょうし
2621000,八幡市,やわたし
2621100,京田辺市,きょうたなべし
2621200,京丹後市,きょうたんごし
2621300,南丹市,なんたんし
2621400,木津川市,きづがわし
2630300,大山崎町,おおやまざきちょう
2632200,久御山町,くみやまちょう
2634300,井手町,いでちょう
2634400,宇治田原町,うじたわらちょう
2636400,笠置町,かさぎちょう
2636500,和束町,わづかちょう
2636600,精華町,せいかちょう
2636700,南山城村,みなみやましろむら
2640700,京丹波町,きょうたんばちょう
2646300,伊根町,いねちょう
2646500,与謝野町,よさのちょう
2710000,大阪市,おおさかし
2714000,堺市,さかいし
2720200,岸和田市,きしわだし
2720300,豊中市,とよなかし
2720400,池田市,いけだし
2720500,吹田市,すいたし
2720600,泉大津市,いずみおおつし
2720700,高槻市,たかつきし
2720800,貝塚市,かいづかし
2720900,守口市,もりぐちし
2721000,枚方市,ひらかたし
2721100,茨木市,いばらきし
2721200,八尾市,やおし
2721300,泉佐野市,いずみさのし
2721400,富田林市,とんだばやしし
2721500,寝屋川市,ねやがわし
2721600,河内長野市,かわちながのし
2721700,松原市,まつばらし
2721800,大東市,だいとうし
2721900,和泉市,いずみし
2722000,箕面市,みのおし
2722100,柏原市,かしわらし
2722200,羽曳野市,はびきのし
2722300,門真市,かどまし
2722400,摂津市,せっつし
2722500,高石市,たかいしし
2722600,藤井寺市,ふじいでらし
2722700,東大阪市,ひがしおおさかし
2722800,泉南市,せんなんし
2722900,四條畷市,しじょうなわてし
2723000,交野市,かたのし
2723100,大阪狭山市,おおさかさやまし
2723200,阪南市,はんなんし
2730100,島本町,しまもとちょう
2732100,豊能町,とよのちょう
2732200,能勢町,のせちょう
2734100,忠岡町,ただおかちょう
2736100,熊取町,くまとりちょう
2736200,田尻町,たじりちょう
2736600,岬町,みさきちょう
2738100,太子町,たいしちょう
2738200,河南町,かなんちょう
2738300,千早赤阪村,ちはやあかさかむら
2810000,神戸市,こうべし
2820100,姫路市,ひめじし
2820200,尼崎市,あまがさきし
2820300,明石市,あかしし
2820400,西宮市,にしのみやし
2820500,洲本市,すもとし
2820600,芦屋市,あしやし
2820700,伊丹市,いたみし
2820800,相生市,あいおいし
2820900,豊岡市,とよおかし
2821000,加古川市,かこがわし
2821200,赤穂市,あこうし
2821300,西脇市,にしわきし
2821400,宝塚市,たからづかし
2821500,三木市,みきし
2821600,高砂市,たかさごし
2821700,川西市,かわにしし
2821800,小野市,おのし
2821900,三田市,さんだし
2822000,加西市,かさいし
2822100,丹波篠山市,たんばささやまし
2822200,養父市,やぶし
2822300,丹波市,たんばし
2822400,南あわじ市,みなみあわじし
2822500,朝来市,あさごし
2822600,淡路市,あわじし
2822700,宍粟市,しそうし
2822800,加東市,かとうし
2822900,たつの市,たつのし
2830100,猪名川町,いながわちょう
2836500,多可町,たかちょう
2838100,稲美町,いなみちょう
2838200,播磨町,はりまちょう
2844200,市川町,いちかわちょう
2844300,福崎町,ふくさきちょう
2844600,神河町,かみかわちょう
2846400,太子町,たいしちょう
2848100,上郡町,かみごおりちょう
2850100,佐用町,さようちょう
2858500,香美町,かみちょう
2858600,新温泉町,しんおんせんちょう
2920101,奈良市西部,ならしせいぶ
2920102,奈良市東部,ならしとうぶ
2920200,大和高田市,やまとたかだし
2920300,大和郡山市,やまとこおりやまし
2920400,天理市,てんりし
2920500,橿原市,かしはらし
2920600,桜井市,さくらいし
2920701,五條市北部,ごじょうしほくぶ
2920702,五條市南部,ごじょうしなんぶ
2920800,御所市,ごせし
2920900,生駒市,いこまし
2921000,香芝市,かしばし
2921100,葛城市,かつらぎし
2921200,宇陀市,うだし
2932200,山添村,やまぞえむら
2934200,平群町,へぐりちょう
2934300,三郷町,さんごうちょう
2934400,斑鳩町,いかるがちょう
2934500,安堵町,あんどちょう
2936100,川西町,かわにしちょう
2936200,三宅町,みやけちょう
2936300,田原本町,たわらもとちょう
2938500,曽爾村,そにむら
2938600,御杖村,みつえむら
2940100,高取町,たかとりちょう
2940200,明日香村,あすかむら
2942400,上牧町,かんまきちょう
2942500,王寺町,おうじちょう
2942600,広陵町,こうりょうちょう
2942700,河合町,かわいちょう
2944100,吉野町,よしのちょう
2944200,大淀町,おおよどちょう
2944300,下市町,しもいちちょう
2944400,黒滝村,くろたきむら
2944600,天川村,てんかわむら
2944700,野迫川村,のせがわむら
2944900,十津川村,とつかわむら
2945000,下北山村,しもきたやまむら
2945100,上北山村,かみきたやまむら
2945200,川上村,かわかみむら
2945300,東吉野村,ひがしよしのむら
3020100,和歌山市,わかやまし
3020200,海南市,かいなんし
3020300,橋本市,はしもとし
3020400,有田市,ありだし
3020500,御坊市,ごぼうし
3020601,田辺市田辺,たなべしたなべ
3020602,田辺市龍神,たなべしりゅうじん
3020603,田辺市中辺路,たなべしなかへち
3020604,田辺市大塔,たなべしおおとう
3020605,田辺市本宮,たなべしほんぐう
3020700,新宮市,しんぐうし
3020800,紀の川市,きのかわし
3020900,岩出市,いわでし
3030400,紀美野町,きみのちょう
3034101,かつらぎ町かつらぎ,かつらぎちょうかつらぎ
3034102,かつらぎ町花園,かつらぎちょうはなぞの
3034300,九度山町,くどやまちょう
3034400,高野町,こうやちょう
3036100,湯浅町,ゆあさちょう
3036200,広川町,ひろがわちょう
3036601,有田川町吉備金屋,ありだがわちょうきびかなや
3036602,有田川町清水,ありだがわちょうしみず
3038100,美浜町,みはまちょう
3038200,日高町,ひだかちょう
3038300,由良町,ゆらちょう
3039000,印南町,いなみちょう
3039100,みなべ町,みなべちょう
3039201,日高川町川辺,ひだかがわちょうかわべ
3039202,日高川町中津,ひだかがわちょうなかつ
3039203,日高川町美山,ひだかがわちょうみやま
3040100,白浜町,しらはまちょう
3040400,上富田町,かみとんだちょう
3040600,すさみ町,すさみちょう
3042100,那智勝浦町,なちかつうらちょう
3042200,太地町,たいじちょう
3042400,古座川町,こざがわちょう
3042700,北山村,きたやまむら
3042800,串本町,くしもとちょう
3120101,鳥取市北部,とっとりしほくぶ
3120102,鳥取市南部,とっとりしなんぶ
3120200,米子市,よなごし
3120300,倉吉市,くらよしし
3120400,境港市,さかいみなとし
3130200,岩美町,いわみちょう
3132500,若桜町,わかさちょう
3132800,智頭町,ちづちょう
3132900,八頭町,やずちょう
3136400,三朝町,みささちょう
3137000,湯梨浜町,ゆりはまちょう
3137100,琴浦町,ことうらちょう
3137200,北栄町,ほくえいちょう
3138400,日吉津村,ひえづそん
3138600,大山町,だいせんちょう
3138900,南部町,なんぶちょう
3139000,伯耆町,ほうきちょう
3140100,日南町,にちなんちょう
3140200,日野町,ひのちょう
3140300,江府町,こうふちょう
3220100,松江市,まつえし
3220200,浜田市,はまだし
3220300,出雲市,いずもし
3220400,益田市,ますだし
3220500,大田市,おおだし
3220600,安来市,やすぎし
3220700,江津市,ごうつし
3220900,雲南市,うんなんし
3234300,奥出雲町,おくいずもちょう
3238600,飯南町,いいなんちょう
3244100,川本町,かわもとまち
3244800,美郷町,みさとちょう
3244900,邑南町,おおなんちょう
3250100,津和野町,つわのちょう
3250500,吉賀町,よしかちょう
3252500,海士町,あまちょう
3252600,西ノ島町,にしのしまちょう
3252700,知夫村,ちぶむら
3252800,隠岐の島町,おきのしまちょう
3310000,岡山市,おかやまし
3320200,倉敷市,くらしきし
3320300,津山市,つやまし
3320400,玉野市,たまのし
3320500,笠岡市,かさおかし
3320700,井原市,いばらし
3320800,総社市,そうじゃし
3320900,高梁市,たかはしし
3321000,新見市,にいみし
3321100,備前市,びぜんし
3321200,瀬戸内市,せとうちし
3321300,赤磐市,あかいわし
3321400,真庭市,まにわし
3321500,美作市,みまさかし
3321600,浅口市,あさくちし
3334600,和気町,わけちょう
3342300,早島町,はやしまちょう
3344500,里庄町,さとしょうちょう
3346100,矢掛町,やかげちょう
3358600,新庄村,しんじょうそん
3360600,鏡野町,かがみのちょう
3362200,勝央町,しょうおうちょう
3362300,奈義町,なぎちょう
3364300,西粟倉村,にしあわくらそん
3366300,久米南町,くめなんちょう
3366600,美咲町,みさきちょう
3368100,吉備中央町,きびちゅうおうちょう
3410100,広島市中区,ひろしましなかく
3410200,広島市東区,ひろしましひがしく
3410300,広島市南区,ひろしましみなみく
3410400,広島市西区,ひろしましにしく
3410500,広島市安佐南区,ひろしましあさみなみく
3410600,広島市安佐北区,ひろしましあさきたく
3410700,広島市安芸区,ひろしましあきく
3410800,広島市佐伯区,ひろしましさえきく
3420200,呉市,くれし
3420300,竹原市,たけはらし
3420400,三原市,みはらし
3420500,尾道市,おのみちし
3420700,福山市,ふくやまし
3420800,府中市,ふちゅうし
3420900,三次市,みよしし
3421000,庄原市,しょうばらし
3421100,大竹市,おおたけし
3421200,東広島市,ひがしひろしまし
3421300,廿日市市,はつかいちし
3421400,安芸高田市,あきたかたし
3421500,江田島市,えたじまし
3430200,府中町,ふちゅうちょう
3430400,海田町,かいたちょう
3430700,熊野町,くまのちょう
3430900,坂町,さかちょう
3436800,安芸太田町,あきおおたちょう
3436900,北広島町,きたひろしまちょう
3443100,大崎上島町,おおさきかみじまちょう
3446200,世羅町,せらちょう
3454500,神石高原町,じんせきこうげんちょう
3520100,下関市,しものせきし
3520200,宇部市,うべし
3520300,山口市,やまぐちし
3520400,萩市,はぎし
3520600,防府市,ほうふし
3520700,下松市,くだまつし
3520800,岩国市,いわくにし
3521000,光市,ひかりし
3521100,長門市,ながとし
3521200,柳井市,やないし
3521300,美祢市,みねし
3521500,周南市,しゅうなんし
3521600,山陽小野田市,さんようおのだし
3530500,周防大島町,すおうおおしまちょう
3532100,和木町,わきちょう
3534100,上関町,かみのせきちょう
3534300,田布施町,たぶせちょう
3534400,平生町,ひらおちょう
3550200,阿武町,あぶちょう
3620100,徳島市,とくしまし
3620200,鳴門市,なるとし
3620300,小松島市,こまつしまし
3620400,阿南市,あなんし
3620500,吉野川市,よしのがわし
3620600,阿波市,あわし
3620701,美馬市脇・美馬・穴吹,みましわき・みま・あなぶき
3620702,美馬市木屋平,みましこやだいら
3620800,三好市,みよしし
3630100,勝浦町,かつうらちょう
3630200,上勝町,かみかつちょう
3632100,佐那河内村,さなごうちそん
3634100,石井町,いしいちょう
3634200,神山町,かみやまちょう
3636800,那賀町,なかちょう
3638300,牟岐町,むぎちょう
3638700,美波町,みなみちょう
3638800,海陽町,かいようちょう
3640100,松茂町,まつしげちょう
3640200,北島町,きたじまちょう
3640300,藍住町,あいずみちょう
3640400,板野町,いたのちょう
3640500,上板町,かみいたちょう
3646801,つるぎ町半田・貞光,つるぎちょうはんだ・さだみつ
3646802,つるぎ町一宇,つるぎちょういちう
3648900,東みよし町,ひがしみよしちょう
3720100,高松市,たかまつし
3720200,丸亀市,まるがめし
3720300,坂出市,さかいでし
3720400,善通寺市,ぜんつうじし
3720500,観音寺市,かんおんじし
3720600,さぬき市,さぬきし
3720700,東かがわ市,ひがしかがわし
3720800,三豊市,みとよし
3732200,土庄町,とのしょうちょう
3732400,小豆島町,しょうどしまちょう
3734100,三木町,みきちょう
3736400,直島町,なおしまちょう
3738600,宇多津町,うたづちょう
3738700,綾川町,あやがわちょう
3740300,琴平町,ことひらちょう
3740400,多度津町,たどつちょう
3740600,まんのう町,まんのうちょう
3820100,松山市,まつやまし
3820200,今治市,いまばりし
3820300,宇和島市,うわじまし
3820400,八幡浜市,やわたはまし
3820500,新居浜市,にいはまし
3820600,西条市,さいじょうし
3820700,大洲市,おおずし
3821000,伊予市,いよし
3821300,四国中央市,しこくちゅうおうし
3821400,西予市,せいよし
3821500,東温市,とうおんし
3835600,上島町,かみじまちょう
3838600,久万高原町,くまこうげんちょう
3840100,松前町,まさきちょう
3840200,砥部町,とべちょう
3842200,内子町,うちこちょう
3844200,伊方町,いかたちょう
3848400,松野町,まつのちょう
3848800,鬼北町,きほくちょう
3850600,愛南町,あいなんちょう
3920100,高知市,こうちし
3920200,室戸市,むろとし
3920300,安芸市,あきし
3920400,南国市,なんこくし
3920500,土佐市,とさし
3920600,須崎市,すさきし
3920800,宿毛市,すくもし
3920900,土佐清水市,とさしみずし
3921000,四万十市,しまんとし
3921100,香南市,こうなんし
3921200,香美市,かみし
3930100,東洋町,とうようちょう
3930200,奈半利町,なはりちょう
3930300,田野町,たのちょう
3930400,安田町,やすだちょう
3930500,北川村,きたがわむら
3930600,馬路村,うまじむら
3930700,芸西村,げいせいむら
3934100,本山町,もとやまちょう
3934400,大豊町,おおとよちょう
3936300,土佐町,とさちょう
3936400,大川村,おおかわむら
3938600,いの町,いのちょう
3938700,仁淀川町,によどがわちょう
3940100,中土佐町,なかとさちょう
3940200,佐川町,さかわちょう
3940300,越知町,おちちょう
3940500,檮原町,ゆすはらちょう
3941000,日高村,ひだかむら
3941100,津野町,つのちょう
3941200,四万十町,しまんとちょう
3942400,大月町,おおつきちょう
3942700,三原村,みはらむら
3942800,黒潮町,くろしおちょう
4010000,北九州市,きたきゅうしゅうし
4013000,福岡市,ふくおかし
4020200,大牟田市,おおむたし
4020300,久留米市,くるめし
4020400,直方市,のおがたし
4020500,飯塚市,いいづかし
4020600,田川市,たがわし
4020700,柳川市,やながわし
4021000,八女市,やめし
4021100,筑後市,ちくごし
4021200,大川市,おおかわし
4021300,行橋市,ゆくはしし
4021400,豊前市,ぶぜんし
4021500,中間市,なかまし
4021600,小郡市,おごおりし
4021700,筑紫野市,ちくしのし
4021800,春日市,かすがし
4021900,大野城市,おおのじょうし
4022000,宗像市,むなかたし
4022100,太宰府市,だざいふし
4022300,古賀市,こがし
4022400,福津市,ふくつし
4022500,うきは市,うきはし
4022600,宮若市,みやわかし
4022700,嘉麻市,かまし
4022800,朝倉市,あさくらし
4022900,みやま市,みやまし
4023000,糸島市,いとしまし
4023100,那珂川市,なかがわし
4034100,宇美町,うみまち
4034200,篠栗町,ささぐりまち
4034300,志免町,しめまち
4034400,須恵町,すえまち
4034500,新宮町,しんぐうまち
4034800,久山町,ひさやままち
4034900,粕屋町,かすやまち
4038100,芦屋町,あしやまち
4038200,水巻町,みずまきまち
4038300,岡垣町,おかがきまち
4038400,遠賀町,おんがちょう
4040100,小竹町,こたけまち
4040200,鞍手町,くらてまち
4042100,桂川町,けいせんまち
4044700,筑前町,ちくぜんまち
4044800,東峰村,とうほうむら
4050300,大刀洗町,たちあらいまち
4052200,大木町,おおきまち
4054400,広川町,ひろかわまち
4060100,香春町,かわらまち
4060200,添田町,そえだまち
4060400,糸田町,いとだまち
4060500,川崎町,かわさきまち
4060800,大任町,おおとうまち
4060900,赤村,あかむら
4061000,福智町,ふくちまち
4062100,苅田町,かんだまち
4062500,みやこ町,みやこまち
4064200,吉富町,よしとみまち
4064600,上毛町,こうげまち
4064700,築上町,ちくじょうまち
4120100,佐賀市,さがし
4120200,唐津市,からつし
4120300,鳥栖市,とすし
4120400,多久市,たくし
4120500,伊万里市,いまりし
4120600,武雄市,たけおし
4120700,鹿島市,かしまし
4120800,小城市,おぎし
4120900,嬉野市,うれしのし
4121000,神埼市,かんざきし
4132700,吉野ヶ里町,よしのがりちょう
4134100,基山町,きやまちょう
4134500,上峰町,かみみねちょう
4134600,みやき町,みやきちょう
4138700,玄海町,げんかいちょう
4140100,有田町,ありたちょう
4142300,大町町,おおまちちょう
4142400,江北町,こうほくまち
4142500,白石町,しろいしちょう
4144100,太良町,たらちょう
4220100,長崎市,ながさきし
4220201,佐世保市（宇久地域を除く）,させぼしうくちいきをのぞく
4220202,佐世保市（宇久地域）,させぼしうくちいき
4220300,島原市,しまばらし
4220400,諫早市,いさはやし
4220500,大村市,おおむらし
4220700,平戸市,ひらどし
4220800,松浦市,まつうらし
4220901,下対馬,しもつしま
4220902,上対馬,かみつしま
4221000,壱岐市,いきし
4221100,五島市,ごとうし
4221201,西海市（江島・平島を除く）,さいかいしえのしまひらしまをのぞく
4221202,西海市（江島・平島）,さいかいしえのしまひらしま
4221300,雲仙市,うんぜんし
4221400,南島原市,みなみしまばらし
4230700,長与町,ながよちょう
4230800,時津町,とぎつちょう
4232100,東彼杵町,ひがしそのぎちょう
4232200,川棚町,かわたなちょう
4232300,波佐見町,はさみちょう
4238300,小値賀町,おぢかちょう
4239100,佐々町,さざちょう
4241100,新上五島町,しんかみごとうちょう
4310000,熊本市,くまもとし
4320200,八代市,やつしろし
4320300,人吉市,ひとよしし
4320400,荒尾市,あらおし
4320500,水俣市,みなまたし
4320600,玉名市,たまなし
4320800,山鹿市,やまがし
4321000,菊池市,きくちし
4321100,宇土市,うとし
4321200,上天草市,かみあまくさし
4321300,宇城市,うきし
4321400,阿蘇市,あそし
4321500,天草市,あまくさし
4321600,合志市,こうしし
4334800,美里町,みさとまち
4336400,玉東町,ぎょくとうまち
4336700,南関町,なんかんまち
4336800,長洲町,ながすまち
4336900,和水町,なごみまち
4340300,大津町,おおづまち
4340400,菊陽町,きくようまち
4342300,南小国町,みなみおぐにまち
4342400,小国町,おぐにまち
4342500,産山村,うぶやまむら
4342800,高森町,たかもりまち
4343200,西原村,にしはらむら
4343300,南阿蘇村,みなみあそむら
4344100,御船町,みふねまち
4344200,嘉島町,かしままち
4344300,益城町,ましきまち
4344400,甲佐町,こうさまち
4344700,山都町,やまとちょう
4346800,氷川町,ひかわちょう
4348200,芦北町,あしきたまち
4348400,津奈木町,つなぎまち
4350100,錦町,にしきまち
4350500,多良木町,たらぎまち
4350600,湯前町,ゆのまえまち
4350700,水上村,みずかみむら
4351000,相良村,さがらむら
4351100,五木村,いつきむら
4351200,山江村,やまえむら
4351300,球磨村,くまむら
4351400,あさぎり町,あさぎりちょう
4353100,苓北町,れいほくまち
4420100,大分市,おおいたし
4420200,別府市,べっぷし
4420300,中津市,なかつし
4420400,日田市,ひたし
4420500,佐伯市,さいきし
4420600,臼杵市,うすきし
4420700,津久見市,つくみし
4420800,竹田市,たけたし
4420900,豊後高田市,ぶんごたかだし
4421000,杵築市,きつきし
4421100,宇佐市,うさし
4421200,豊後大野市,ぶんごおおのし
4421300,由布市,ゆふし
4421400,国東市,くにさきし
4432200,姫島村,ひめしまむら
4434100,日出町,ひじまち
4446100,九重町,ここのえまち
4446200,玖珠町,くすまち
4520100,宮崎市,みやざきし
4520200,都城市,みやこのじょうし
4520300,延岡市,のべおかし
4520400,日南市,にちなんし
4520500,小林市,こばやしし
4520600,日向市,ひゅうがし
4520700,串間市,くしまし
4520800,西都市,さいとし
4520900,えびの市,えびのし
4534100,三股町,みまたちょう
4536100,高原町,たかはるちょう
4538200,国富町,くにとみちょう
4538300,綾町,あやちょう
4540100,高鍋町,たかなべちょう
4540200,新富町,しんとみちょう
4540300,西米良村,にしめらそん
4540400,木城町,きじょうちょう
4540500,川南町,かわみなみちょう
4540600,都農町,つのちょう
4542100,門川町,かどがわちょう
4542900,諸塚村,もろつかそん
4543000,椎葉村,しいばそん
4543100,美郷町,みさとちょう
4544100,高千穂町,たかちほちょう
4544200,日之影町,ひのかげちょう
4544300,五ヶ瀬町,ごかせちょう
4620100,鹿児島市,かごしまし
4620300,鹿屋市,かのやし
4620400,枕崎市,まくらざきし
4620600,阿久根市,あくねし
4620800,出水市,いずみし
4621000,指宿市,いぶすきし
4621300,西之表市,にしのおもてし
4621400,垂水市,たるみずし
4621501,薩摩川内市,さつませんだいし
4621502,薩摩川内市甑島,さつませんだいしこしきしま
4621600,日置市,ひおきし
4621700,曽於市,そおし
4621800,霧島市,きりしまし
4621900,いちき串木野市,いちきくしきのし
4622000,南さつま市,みなみさつまし
4622100,志布志市,しぶしし
4622200,奄美市,あまみし
4622300,南九州市,みなみきゅうしゅうし
4622400,伊佐市,いさし
4622500,姶良市,あいらし
4630300,三島村,みしまむら
4630400,十島村,としまむら
4639200,さつま町,さつまちょう
4640400,長島町,ながしまちょう
4645200,湧水町,ゆうすいちょう
4646800,大崎町,おおさきちょう
4648200,東串良町,ひがしくしらちょう
4649000,錦江町,きんこうちょう
4649100,南大隅町,みなみおおすみちょう
4649200,肝付町,きもつきちょう
4650100,中種子町,なかたねちょう
4650200,南種子町,みなみたねちょう
4650500,屋久島町,やくしまちょう
4652300,大和村,やまとそん
4652400,宇検村,うけんそん
4652500,瀬戸内町,せとうちちょう
4652700,龍郷町,たつごうちょう
4652900,喜界町,きかいちょう
4653000,徳之島町,とくのしまちょう
4653100,天城町,あまぎちょう
4653200,伊仙町,いせんちょう
4653300,和泊町,わどまりちょう
4653400,知名町,ちなちょう
4653500,与論町,よろんちょう
4720100,那覇市,なはし
4720500,宜野湾市,ぎのわんし
4720700,石垣市,いしがきし
4720800,浦添市,うらそえし
4720900,名護市,なごし
4721000,糸満市,いとまんし
4721100,沖縄市,おきなわし
4721200,豊見城市,とみぐすくし
4721300,うるま市,うるまし
4721400,宮古島市,みやこじまし
4721500,南城市,なんじょうし
4730100,国頭村,くにがみそん
4730200,大宜味村,おおぎみそん
4730300,東村,ひがしそん
4730600,今帰仁村,なきじんそん
4730800,本部町,もとぶちょう
4731100,恩納村,おんなそん
4731300,宜野座村,ぎのざそん
4731400,金武町,きんちょう
4731500,伊江村,いえそん
4732400,読谷村,よみたんそん
4732500,嘉手納町,かでなちょう
4732600,北谷町,ちゃたんちょう
4732700,北中城村,きたなかぐすくそん
4732800,中城村,なかぐすくそん
4732900,西原町,にしはらちょう
4734800,与那原町,よなばるちょう
4735000,南風原町,はえばるちょう
4735300,渡嘉敷村,とかしきそん
4735400,座間味村,ざまみそん
4735500,粟国村,あぐにそん
4735600,渡名喜村,となきそん
4735700,南大東村,みなみだいとうそん
4735800,北大東村,きただいとうそん
4735900,伊平屋村,いへやそん
4736000,伊是名村,いぜなそん
4736100,久米島町,くめじまちょう
4736200,八重瀬町,やえせちょう
4737500,多良間村,たらまそん
4738100,竹富町,たけとみちょう
4738200,与那国町,よなぐにちょう
